antigen.epitope,species,cdr3_v_j,count
GILGFVFTL,HomoSapiens,CASSIRSSYEQYF_TRBV19*01_TRBJ2-7*01,310
IVTDFSVIK,HomoSapiens,CASSWGGGSHYGYTF_TRBV11-2*01_TRBJ1-2*01,133
GILGFVFTL,HomoSapiens,CAGGGSQGNLIF_TRAV27*01_TRAJ42*01,125
KLGGALQAK,HomoSapiens,CAIGPGNMLTF_TRAV12-3*01_TRAJ39*01,124
RAKFKQLL,HomoSapiens,CAASETSYDKVIF_TRAV13-1*01_TRAJ50*01,118
IVTDFSVIK,HomoSapiens,CAVDLMKTSYDKVIF_TRAV21*01_TRAJ50*01,114
RAKFKQLL,HomoSapiens,CASSFSGNTGELFF_TRBV12-3*01_TRBJ2-2*01,110
GILGFVFTL,HomoSapiens,CASSIRSAYEQYF_TRBV19*01_TRBJ2-7*01,97
TFEYVSQPFLMDLE,HomoSapiens,CAGLNYGGSQGNLIF_TRAV35*01_TRAJ42*01,91
TFEYVSQPFLMDLE,HomoSapiens,CAGQNYGGSQGNLIF_TRAV35*01_TRAJ42*01,88
RAKFKQLL,HomoSapiens,CADSGGGADGLTF_TRAV13-2*01_TRAJ45*01,86
RAKFKQLL,HomoSapiens,CASSLRDGSEAFF_TRBV5-6*01_TRBJ1-1*01,82
KLGGALQAK,HomoSapiens,CAMRRPISSGSARQLTF_TRAV14/DV4*01_TRAJ22*01,79
SSPPMFRV,MusMusculus,CTCSAGTGGYNYAEQFF_TRBV1*01_TRBJ2-1*01,70
TFEYVSQPFLMDLE,HomoSapiens,CAGMNYGGSQGNLIF_TRAV35*01_TRAJ42*01,67
KLGGALQAK,HomoSapiens,CSVDLEANYGYTF_TRBV29-1*01_TRBJ1-2*01,62
GILGFVFTL,HomoSapiens,CAGAGGGSQGNLIF_TRAV27*01_TRAJ42*01,61
SSYRRPVGI,MusMusculus,CAVSGNYAQGLTF_TRAV3N-3*01_TRAJ26*01,61
GILGFVFTL,HomoSapiens,CAGAGSQGNLIF_TRAV27*01_TRAJ42*01,60
GLCTLVAML,HomoSapiens,CAEDNNARLMF_TRAV5*01_TRAJ31*01,46
GILGFVFTL,HomoSapiens,CASSIRSTDTQYF_TRBV19*01_TRBJ2-3*01,45
SSYRRPVGI,MusMusculus,CAVSDNYAQGLTF_TRAV3N-3*01_TRAJ26*01,43
GILGFVFTL,HomoSapiens,CASSVRSSYEQYF_TRBV19*01_TRBJ2-7*01,42
KLGGALQAK,HomoSapiens,CAFIGDAGGTSYGKLTF_TRAV24*01_TRAJ52*01,42
KLGGALQAK,HomoSapiens,CAVMDSNYQLIW_TRAV1-2*01_TRAJ33*01,42
NEGVKAAW,HomoSapiens,CASSIFGEQFF_TRBV19*01_TRBJ2-1*01,41
SSYRRPVGI,MusMusculus,CAVSANYAQGLTF_TRAV3N-3*01_TRAJ26*01,40
GILGFVFTL,HomoSapiens,CAGNYGGSQGNLIF_TRAV25*01_TRAJ42*01,39
GILGFVFTL,HomoSapiens,CAFMKGAGGTSYGKLTF_TRAV38-1*01_TRAJ52*01,39
GILGFVFTL,HomoSapiens,CASSTRSSYEQYF_TRBV19*01_TRBJ2-7*01,38
GILGFVFTL,HomoSapiens,CASSGRSTDTQYF_TRBV19*01_TRBJ2-3*01,38
KLGGALQAK,HomoSapiens,CASSYGAGGYNEQFF_TRBV6-3*01_TRBJ2-1*01,38
NEGVKAAW,HomoSapiens,CAVGNNAGNMLTF_TRAV20*01_TRAJ39*01,37
KLGGALQAK,HomoSapiens,CAVRDSNYQLIW_TRAV1-2*01_TRAJ33*01,36
ASNENMETM,MusMusculus,CASSGGANTGQLYF_TRBV13-1*02_TRBJ2-2*01,36
SSYRRPVGI,MusMusculus,CAVSNNYAQGLTF_TRAV3N-3*01_TRAJ26*01,34
GLCTLVAML,HomoSapiens,CSVGTGGTNEKLFF_TRBV29-1*01_TRBJ1-4*01,34
KLGGALQAK,HomoSapiens,CAVRDGGMGSNTGKLIF_TRAV3*01_TRAJ37*01,32
ASNENMETM,MusMusculus,CASSGGSNTGQLYF_TRBV13-1*02_TRBJ2-2*01,32
GILGFVFTL,HomoSapiens,CASSARSSYEQYF_TRBV19*01_TRBJ2-7*01,31
KLGGALQAK,HomoSapiens,CASSQDHRMGGHEKLFF_TRBV4-3*01_TRBJ1-4*01,31
GILGFVFTL,HomoSapiens,CASSIRSTGELFF_TRBV19*01_TRBJ2-2*01,31
GLCTLVAML,HomoSapiens,CSARDGTGNGYTF_TRBV20-1*01_TRBJ1-2*01,31
RAKFKQLL,HomoSapiens,CAAMETSYDKVIF_TRAV13-1*01_TRAJ50*01,31
KLGGALQAK,HomoSapiens,CASKDGISYEQYF_TRBV7-9*01_TRBJ2-7*01,30
RAQAPPPSW,HomoSapiens,CASSFPGQGNTQYF_TRBV27*01_TRBJ2-3*01,30
GILGFVFTL,HomoSapiens,CASSIGVYGYTF_TRBV19*01_TRBJ1-2*01,30
GILGFVFTL,HomoSapiens,CAMSGDGGSQGNLIF_TRAV12-3*01_TRAJ42*01,29
GILGFVFTL,HomoSapiens,CAFMTNAGGTSYGKLTF_TRAV38-1*01_TRAJ52*01,29
GILGFVFTL,HomoSapiens,CASSIRASYEQYF_TRBV19*01_TRBJ2-7*01,29
